ids,location,artist,class
26,adam-baltatu_after-bath.jpg,adam-baltatu,0
55,adam-baltatu_red-roofs.jpg,adam-baltatu,0
56,adam-baltatu_sighi-oara-1.jpg,adam-baltatu,0
57,adam-baltatu_sighi-oara.jpg,adam-baltatu,0
58,adam-baltatu_spring-landscape.jpg,adam-baltatu,0
59,adam-baltatu_still-life-with-apples-and-pipkin.jpg,adam-baltatu,0
60,adam-baltatu_still-life-with-green-apples.jpg,adam-baltatu,0
61,adam-baltatu_still-life-with-pipe-and-books.jpg,adam-baltatu,0
62,adam-baltatu_still-life-with-red-pot-and-apples.jpg,adam-baltatu,0
63,adam-baltatu_still-life-with-travel-props.jpg,adam-baltatu,0
64,adam-baltatu_still-life-with-vegetables.jpg,adam-baltatu,0
66,adam-baltatu_subret.jpg,adam-baltatu,0
67,adam-baltatu_summer-landscape-1.jpg,adam-baltatu,0
68,adam-baltatu_summer-landscape-2.jpg,adam-baltatu,0
69,adam-baltatu_summer-landscape.jpg,adam-baltatu,0
70,adam-baltatu_summer-sky.jpg,adam-baltatu,0
71,adam-baltatu_the-lesson.jpg,adam-baltatu,0
72,adam-baltatu_the-needlewoman.jpg,adam-baltatu,0
73,adam-baltatu_venice-alleyways.jpg,adam-baltatu,0
74,adam-baltatu_view-towards-balcic.jpg,adam-baltatu,0
75,adam-baltatu_view-towards-san-giorgio-venice.jpg,adam-baltatu,0
76,adam-baltatu_village-alley.jpg,adam-baltatu,0
77,adam-baltatu_village-boundary-1.jpg,adam-baltatu,0
78,adam-baltatu_winter-landscape-1.jpg,adam-baltatu,0
54,adam-baltatu_pipkin-with-flowers.jpg,adam-baltatu,0
53,adam-baltatu_pipkin-with-field-flowers.jpg,adam-baltatu,0
65,adam-baltatu_street-in-hu-i.jpg,adam-baltatu,0
51,adam-baltatu_noon-at-br-ne-ti.jpg,adam-baltatu,0
52,adam-baltatu_pipkin-with-chrysanthemums.jpg,adam-baltatu,0
28,adam-baltatu_at-the-brickyard.jpg,adam-baltatu,0
29,adam-baltatu_autumn-still-life.jpg,adam-baltatu,0
30,adam-baltatu_birch-trees.jpg,adam-baltatu,0
31,adam-baltatu_birch-woods.jpg,adam-baltatu,0
32,adam-baltatu_br-ne-ti-landscape.jpg,adam-baltatu,0
33,adam-baltatu_cup-with-geraniums.jpg,adam-baltatu,0
34,adam-baltatu_dobrujan-landscape.jpg,adam-baltatu,0
35,adam-baltatu_fishing-preparations.jpg,adam-baltatu,0
36,adam-baltatu_fruitage.jpg,adam-baltatu,0
37,adam-baltatu_grange.jpg,adam-baltatu,0
38,adam-baltatu_house-on-siret-valley.jpg,adam-baltatu,0
27,adam-baltatu_after-rain.jpg,adam-baltatu,0
50,adam-baltatu_meridional-landscape.jpg,adam-baltatu,0
40,adam-baltatu_houses-in-bretania-1.jpg,adam-baltatu,0
41,adam-baltatu_houses-in-bretania.jpg,adam-baltatu,0
42,adam-baltatu_houses-in-ha-i.jpg,adam-baltatu,0
43,adam-baltatu_houses-in-hu-i-1.jpg,adam-baltatu,0
44,adam-baltatu_houses-in-hu-i.jpg,adam-baltatu,0
45,adam-baltatu_houses-in-provence.jpg,adam-baltatu,0
46,adam-baltatu_hu-i-slums-houses.jpg,adam-baltatu,0
47,adam-baltatu_ia-i-outskirts-houses.jpg,adam-baltatu,0
48,adam-baltatu_landscape-with-houses.jpg,adam-baltatu,0
49,adam-baltatu_mangalia-houses.jpg,adam-baltatu,0
39,adam-baltatu_houses-at-the-edge-of-the-forest.jpg,adam-baltatu,0
154,alfred-sisley_banks-of-the-loing-1896.jpg,alfred-sisley,1
153,alfred-sisley_banks-of-the-loing-1890.jpg,alfred-sisley,1
152,alfred-sisley_banks-of-the-loing-1885.jpg,alfred-sisley,1
151,alfred-sisley_banks-of-rivers-the-thames-hampton-court-first-week-of-october-1874.jpg,alfred-sisley,1
145,alfred-sisley_at-moret-sur-loing-1892.jpg,alfred-sisley,1
149,alfred-sisley_away-in-the-spring-veneux-nadon-1885.jpg,alfred-sisley,1
148,alfred-sisley_autumn-landscape-louveciennnes.jpg,alfred-sisley,1
147,alfred-sisley_autumn-in-louveciennes-1873.jpg,alfred-sisley,1
146,alfred-sisley_autumn-banks-of-the-seine-near-bougival-1873.jpg,alfred-sisley,1
155,alfred-sisley_banks-of-the-loing-at-moret-1892.jpg,alfred-sisley,1
150,alfred-sisley_bank-in-the-autumn-1879.jpg,alfred-sisley,1
156,alfred-sisley_banks-of-the-loing-at-moret-morning-1888.jpg,alfred-sisley,1
163,alfred-sisley_banks-of-the-loing-winter-1896.jpg,alfred-sisley,1
158,alfred-sisley_banks-of-the-loing-at-saint-mammes-1885.jpg,alfred-sisley,1
159,alfred-sisley_banks-of-the-loing-autumn-1880.jpg,alfred-sisley,1
160,alfred-sisley_banks-of-the-loing-near-moret-1890.jpg,alfred-sisley,1
161,alfred-sisley_banks-of-the-loing-saint-mammes-1885.jpg,alfred-sisley,1
162,alfred-sisley_banks-of-the-loing-towards-moret-1883.jpg,alfred-sisley,1
164,alfred-sisley_banks-of-the-orvanne-1890.jpg,alfred-sisley,1
165,alfred-sisley_banks-of-the-seine-1879.jpg,alfred-sisley,1
166,alfred-sisley_banks-of-the-seine-at-bougival-1876.jpg,alfred-sisley,1
167,alfred-sisley_banks-of-the-seine-at-port-marly-1875.jpg,alfred-sisley,1
168,alfred-sisley_banks-of-the-seine-wind-blowing-1894.jpg,alfred-sisley,1
169,alfred-sisley_barge-garage-at-saint-mammes-1885.jpg,alfred-sisley,1
157,alfred-sisley_banks-of-the-loing-at-saint-mammes-1885-1.jpg,alfred-sisley,1
144,alfred-sisley_approach-to-the-railway-station-1888.jpg,alfred-sisley,1
129,alfred-sisley_a-turn-of-the-river-loing-summer-1896.jpg,alfred-sisley,1
142,alfred-sisley_apple-trees-in-flower-spring-morning-pommiers-en-fleurs-louveciennes-1873.jpg,alfred-sisley,1
143,alfred-sisley_apples-and-grapes-in-a-basket-1876.jpg,alfred-sisley,1
118,alfred-sisley_a-corner-of-the-roches-courtaut-woods-june-1884.jpg,alfred-sisley,1
119,alfred-sisley_a-february-morning-at-moret-sur-loing-1881.jpg,alfred-sisley,1
120,alfred-sisley_a-may-morning-in-moret-1886.jpg,alfred-sisley,1
121,alfred-sisley_a-normandy-farm.jpg,alfred-sisley,1
122,alfred-sisley_a-park-in-louveciennes-1874.jpg,alfred-sisley,1
123,alfred-sisley_a-path-in-louveciennes-1876.jpg,alfred-sisley,1
124,alfred-sisley_a-ponte.jpg,alfred-sisley,1
125,alfred-sisley_a-road-in-seine-et-marne-1875.jpg,alfred-sisley,1
126,alfred-sisley_a-street-in-louveciennes-1878.jpg,alfred-sisley,1
127,alfred-sisley_a-turn-in-the-road-1885.jpg,alfred-sisley,1
128,alfred-sisley_a-turn-of-the-river-loing-summer-1896-1.jpg,alfred-sisley,1
117,alfred-sisley_a-cardiff-shipping-lane-1897.jpg,alfred-sisley,1
130,alfred-sisley_a-village-street-in-winter-1893.jpg,alfred-sisley,1
140,alfred-sisley_an-old-cottage-at-sablons-1885.jpg,alfred-sisley,1
139,alfred-sisley_an-autumn-evening-near-paris-1879.jpg,alfred-sisley,1
138,alfred-sisley_an-august-afternoon-near-veneux-1881.jpg,alfred-sisley,1
137,alfred-sisley_among-the-vines-near-louveciennes-1874.jpg,alfred-sisley,1
136,alfred-sisley_along-the-woods-in-spring-1889.jpg,alfred-sisley,1
141,alfred-sisley_apple-trees-in-bloom-1880.jpg,alfred-sisley,1
134,alfred-sisley_alley-of-chestnut-trees.jpg,alfred-sisley,1
133,alfred-sisley_abandoned-house.jpg,alfred-sisley,1
132,alfred-sisley_abandoned-house-1887.jpg,alfred-sisley,1
131,alfred-sisley_abandoned-cottage-1894.jpg,alfred-sisley,1
135,alfred-sisley_along-the-woods-in-autumn-1885.jpg,alfred-sisley,1
697,antoine-blanchard_champs-elysees-3.jpg,antoine-blanchard,2
696,antoine-blanchard_champs-elysees-2.jpg,antoine-blanchard,2
695,antoine-blanchard_champs-elysees-1.jpg,antoine-blanchard,2
694,antoine-blanchard_caf-de-la-paix.jpg,antoine-blanchard,2
693,antoine-blanchard_caf-de-la-paix-opera.jpg,antoine-blanchard,2
691,antoine-blanchard_caf-de-la-paix-opera-3.jpg,antoine-blanchard,2
690,antoine-blanchard_caf-de-la-paix-opera-2.jpg,antoine-blanchard,2
689,antoine-blanchard_caf-de-la-paix-opera-1.jpg,antoine-blanchard,2
688,antoine-blanchard_caf-de-la-paix-2.jpg,antoine-blanchard,2
698,antoine-blanchard_champs-elysees-arc-de-triomphe-1.jpg,antoine-blanchard,2
692,antoine-blanchard_caf-de-la-paix-opera-4.jpg,antoine-blanchard,2
700,antoine-blanchard_champs-elysees-arc-de-triomphe.jpg,antoine-blanchard,2
706,antoine-blanchard_flower-market-madeleine-2.jpg,antoine-blanchard,2
702,antoine-blanchard_champs-elysees.jpg,antoine-blanchard,2
703,antoine-blanchard_comedie-jpg.jpg,antoine-blanchard,2
704,antoine-blanchard_eglise-de-saint-germain-des-pres.jpg,antoine-blanchard,2
705,antoine-blanchard_flower-market-madeleine-1.jpg,antoine-blanchard,2
687,antoine-blanchard_caf-de-la-paix-1.jpg,antoine-blanchard,2
707,antoine-blanchard_flower-market-madeleine.jpg,antoine-blanchard,2
708,antoine-blanchard_gare-de-lest-2.jpg,antoine-blanchard,2
709,antoine-blanchard_gare-de-lest.jpg,antoine-blanchard,2
710,antoine-blanchard_grands-boulevard-et-porte-st-denis-sous-la-neige.jpg,antoine-blanchard,2
711,antoine-blanchard_grands-boulevards-1.jpg,antoine-blanchard,2
712,antoine-blanchard_grands-boulevards.jpg,antoine-blanchard,2
701,antoine-blanchard_champs-elysees-winter.jpg,antoine-blanchard,2
686,antoine-blanchard_bouquinistes-de-notre-dame.jpg,antoine-blanchard,2
699,antoine-blanchard_champs-elysees-arc-de-triomphe-2.jpg,antoine-blanchard,2
684,antoine-blanchard_boulevard-haussmann.jpg,antoine-blanchard,2
661,antoine-blanchard_arc-de-triomphe-2.jpg,antoine-blanchard,2
662,antoine-blanchard_arc-de-triomphe-3.jpg,antoine-blanchard,2
663,antoine-blanchard_arc-de-triomphe-4.jpg,antoine-blanchard,2
664,antoine-blanchard_arc-de-triomphe-5.jpg,antoine-blanchard,2
665,antoine-blanchard_arc-de-triomphe.jpg,antoine-blanchard,2
666,antoine-blanchard_avenue-de-l-opera.jpg,antoine-blanchard,2
667,antoine-blanchard_booksellers-notre-dame-winter.jpg,antoine-blanchard,2
668,antoine-blanchard_boulevard-de-la-madeleine-1.jpg,antoine-blanchard,2
669,antoine-blanchard_boulevard-de-la-madeleine-2.jpg,antoine-blanchard,2
670,antoine-blanchard_boulevard-de-la-madeleine-3.jpg,antoine-blanchard,2
671,antoine-blanchard_boulevard-de-la-madeleine-4.jpg,antoine-blanchard,2
672,antoine-blanchard_boulevard-de-la-madeleine-5.jpg,antoine-blanchard,2
660,antoine-blanchard_arc-de-triomphe-1.jpg,antoine-blanchard,2
673,antoine-blanchard_boulevard-de-la-madeleine-6.jpg,antoine-blanchard,2
674,antoine-blanchard_boulevard-de-la-madeleine-7.jpg,antoine-blanchard,2
675,antoine-blanchard_boulevard-de-la-madeleine-8.jpg,antoine-blanchard,2
676,antoine-blanchard_boulevard-de-la-madeleine-9.jpg,antoine-blanchard,2
677,antoine-blanchard_boulevard-de-la-madeleine.jpg,antoine-blanchard,2
678,antoine-blanchard_boulevard-des-capucines-1.jpg,antoine-blanchard,2
679,antoine-blanchard_boulevard-des-capucines-2.jpg,antoine-blanchard,2
680,antoine-blanchard_boulevard-des-capucines-3.jpg,antoine-blanchard,2
681,antoine-blanchard_boulevard-des-capucines-et-madeleine.jpg,antoine-blanchard,2
682,antoine-blanchard_boulevard-des-capucines.jpg,antoine-blanchard,2
683,antoine-blanchard_boulevard-haussmann-1.jpg,antoine-blanchard,2
685,antoine-blanchard_bouquinistes-de-notre-dame-1.jpg,antoine-blanchard,2
878,arkhip-kuindzhi_elbrus-moonlit-night.jpg,arkhip-kuindzhi,3
877,arkhip-kuindzhi_elbrus-in-the-daytime.jpg,arkhip-kuindzhi,3
876,arkhip-kuindzhi_elbrus-in-the-daytime-1.jpg,arkhip-kuindzhi,3
875,arkhip-kuindzhi_dnieper-1901-1.jpg,arkhip-kuindzhi,3
869,arkhip-kuindzhi_crescent-moon-at-sunset.jpg,arkhip-kuindzhi,3
873,arkhip-kuindzhi_cypresses-on-a-seashore-the-crimea-1887.jpg,arkhip-kuindzhi,3
872,arkhip-kuindzhi_crimea.jpg,arkhip-kuindzhi,3
871,arkhip-kuindzhi_crimea-yayla.jpg,arkhip-kuindzhi,3
870,arkhip-kuindzhi_crimea-1.jpg,arkhip-kuindzhi,3
879,arkhip-kuindzhi_elbrus.jpg,arkhip-kuindzhi,3
874,arkhip-kuindzhi_daryal-pass-moonlight-night.jpg,arkhip-kuindzhi,3
880,arkhip-kuindzhi_evening-in-the-steppe.jpg,arkhip-kuindzhi,3
886,arkhip-kuindzhi_forest-burdock.jpg,arkhip-kuindzhi,3
882,arkhip-kuindzhi_evening.jpg,arkhip-kuindzhi,3
883,arkhip-kuindzhi_expanse-crimea.jpg,arkhip-kuindzhi,3
884,arkhip-kuindzhi_flower-garden-caucasus-1908.jpg,arkhip-kuindzhi,3
885,arkhip-kuindzhi_forest-1887.jpg,arkhip-kuindzhi,3
887,arkhip-kuindzhi_forest-expanse.jpg,arkhip-kuindzhi,3
888,arkhip-kuindzhi_forest-glade-1887.jpg,arkhip-kuindzhi,3
889,arkhip-kuindzhi_forest-glade-fog.jpg,arkhip-kuindzhi,3
890,arkhip-kuindzhi_forest-glade.jpg,arkhip-kuindzhi,3
891,arkhip-kuindzhi_forest-lake-cloud-1890.jpg,arkhip-kuindzhi,3
892,arkhip-kuindzhi_forest-swamp.jpg,arkhip-kuindzhi,3
868,arkhip-kuindzhi_coast-of-the-sea-with-a-rock.jpg,arkhip-kuindzhi,3
881,arkhip-kuindzhi_evening-in-ukraine-1878.jpg,arkhip-kuindzhi,3
867,arkhip-kuindzhi_clouds.jpg,arkhip-kuindzhi,3
893,arkhip-kuindzhi_forest.jpg,arkhip-kuindzhi,3
865,arkhip-kuindzhi_clouds-1.jpg,arkhip-kuindzhi,3
841,arkhip-kuindzhi_a-birch-grove-1.jpg,arkhip-kuindzhi,3
842,arkhip-kuindzhi_a-birch-grove-1879-1.jpg,arkhip-kuindzhi,3
843,arkhip-kuindzhi_a-birch-grove-1879-2.jpg,arkhip-kuindzhi,3
844,arkhip-kuindzhi_a-birch-grove-1879.jpg,arkhip-kuindzhi,3
845,arkhip-kuindzhi_a-birch-grove-2.jpg,arkhip-kuindzhi,3
846,arkhip-kuindzhi_a-birch-grove-3.jpg,arkhip-kuindzhi,3
847,arkhip-kuindzhi_a-birch-grove-4.jpg,arkhip-kuindzhi,3
848,arkhip-kuindzhi_a-birch-grove-spots-of-sunlight.jpg,arkhip-kuindzhi,3
849,arkhip-kuindzhi_a-birch-grove.jpg,arkhip-kuindzhi,3
850,arkhip-kuindzhi_a-grove-with-birch.jpg,arkhip-kuindzhi,3
851,arkhip-kuindzhi_after-a-rain-1.jpg,arkhip-kuindzhi,3
852,arkhip-kuindzhi_after-a-rain-rainbow.jpg,arkhip-kuindzhi,3
866,arkhip-kuindzhi_clouds-1875.jpg,arkhip-kuindzhi,3
854,arkhip-kuindzhi_after-the-thunderstorm-1879.jpg,arkhip-kuindzhi,3
855,arkhip-kuindzhi_ai-petri-crimea.jpg,arkhip-kuindzhi,3
856,arkhip-kuindzhi_autumn-1.jpg,arkhip-kuindzhi,3
857,arkhip-kuindzhi_autumn-fog.jpg,arkhip-kuindzhi,3
858,arkhip-kuindzhi_autumn-steppe-1875.jpg,arkhip-kuindzhi,3
859,arkhip-kuindzhi_autumn.jpg,arkhip-kuindzhi,3
860,arkhip-kuindzhi_birches-1879.jpg,arkhip-kuindzhi,3
861,arkhip-kuindzhi_christ-in-the-garden-of-gethsemane-1901.jpg,arkhip-kuindzhi,3
862,arkhip-kuindzhi_cloud-1.jpg,arkhip-kuindzhi,3
863,arkhip-kuindzhi_cloud-over-the-mountain-valley.jpg,arkhip-kuindzhi,3
864,arkhip-kuindzhi_cloud.jpg,arkhip-kuindzhi,3
853,arkhip-kuindzhi_after-a-rain.jpg,arkhip-kuindzhi,3
1098,auguste-rodin_pens.jpg,auguste-rodin,4
1097,auguste-rodin_old-man-s-face.jpg,auguste-rodin,4
1096,auguste-rodin_nude-study-for-balzac.jpg,auguste-rodin,4
1095,auguste-rodin_monument-to-victor-hugo-first-project-1890.jpg,auguste-rodin,4
1089,auguste-rodin_lo-e-fuller.jpg,auguste-rodin,4
1093,auguste-rodin_minerva.jpg,auguste-rodin,4
1092,auguste-rodin_mask-of-hanako-the-japanese-actress-1911.jpg,auguste-rodin,4
1091,auguste-rodin_man-with-a-broken-nose.jpg,auguste-rodin,4
1090,auguste-rodin_madame-fenaille-1898.jpg,auguste-rodin,4
1099,auguste-rodin_pierre-de-wissant.jpg,auguste-rodin,4
1094,auguste-rodin_mme-vicuna-1884.jpg,auguste-rodin,4
1100,auguste-rodin_poet-and-muse-1905.jpg,auguste-rodin,4
1106,auguste-rodin_psyche-1886.jpg,auguste-rodin,4
1102,auguste-rodin_portrait-of-a-man.jpg,auguste-rodin,4
1103,auguste-rodin_portrait-of-camille-claudel-with-a-bonnet-1886.jpg,auguste-rodin,4
1104,auguste-rodin_portrait-of-the-japanese-dancer-hanako-1908.jpg,auguste-rodin,4
1105,auguste-rodin_portrait-of-varvara-yeliseyeva-1906.jpg,auguste-rodin,4
1107,auguste-rodin_right-hand.jpg,auguste-rodin,4
1108,auguste-rodin_romeo-and-juliet-1905.jpg,auguste-rodin,4
1109,auguste-rodin_suzon.jpg,auguste-rodin,4
1110,auguste-rodin_the-burghers-of-calais-1.jpg,auguste-rodin,4
1111,auguste-rodin_the-burghers-of-calais-1889.jpg,auguste-rodin,4
1112,auguste-rodin_the-burghers-of-calais-2.jpg,auguste-rodin,4
1088,auguste-rodin_jules-bastien-lepage.jpg,auguste-rodin,4
1101,auguste-rodin_portrait-of-a-man-1.jpg,auguste-rodin,4
1113,auguste-rodin_the-burghers-of-calais.jpg,auguste-rodin,4
1087,auguste-rodin_i-am-beautiful-1882.jpg,auguste-rodin,4
1085,auguste-rodin_flying-figure-1891.jpg,auguste-rodin,4
1086,auguste-rodin_hand.jpg,auguste-rodin,4
1061,auguste-rodin_adam-and-eve-expelled-from-paradise.jpg,auguste-rodin,4
1062,auguste-rodin_adam.jpg,auguste-rodin,4
1063,auguste-rodin_age-of-bronze-1876.jpg,auguste-rodin,4
1064,auguste-rodin_age-of-bronze.jpg,auguste-rodin,4
1065,auguste-rodin_albert-ernest-carrie-belleuse.jpg,auguste-rodin,4
1066,auguste-rodin_balzac-1897.jpg,auguste-rodin,4
1068,auguste-rodin_belgian-landscape.jpg,auguste-rodin,4
1069,auguste-rodin_bellona.jpg,auguste-rodin,4
1070,auguste-rodin_burghers-of-calais.jpg,auguste-rodin,4
1071,auguste-rodin_bust-of-a-smiling-woman-1875.jpg,auguste-rodin,4
1072,auguste-rodin_bust-of-albert-ernest-carrier-belleuse-1882.jpg,auguste-rodin,4
1067,auguste-rodin_balzac-nude-with-his-arms-crossed-1892.jpg,auguste-rodin,4
1074,auguste-rodin_bust-of-helene-von-nostitz.jpg,auguste-rodin,4
1073,auguste-rodin_bust-of-gustav-mahler.jpg,auguste-rodin,4
1083,auguste-rodin_eternal-spring.jpg,auguste-rodin,4
1082,auguste-rodin_eternal-idol-1889.jpg,auguste-rodin,4
1081,auguste-rodin_domingo-sarmiento.jpg,auguste-rodin,4
1080,auguste-rodin_danaid.jpg,auguste-rodin,4
1084,auguste-rodin_eve-fairfax-1905.jpg,auguste-rodin,4
1078,auguste-rodin_camille-claudel.jpg,auguste-rodin,4
1077,auguste-rodin_camille-claudel-1884.jpg,auguste-rodin,4
1076,auguste-rodin_bust-of-victor-hugo.jpg,auguste-rodin,4
1075,auguste-rodin_bust-of-honor-de-balzac.jpg,auguste-rodin,4
1079,auguste-rodin_cupid-and-psyche-1905.jpg,auguste-rodin,4
1245,berthe-morisot_girl-and-child-on-the-grass.jpg,berthe-morisot,5
1244,berthe-morisot_getting-up-1886.jpg,berthe-morisot,5
1243,berthe-morisot_getting-out-of-bed-1886.jpg,berthe-morisot,5
1242,berthe-morisot_farm-in-normandy.jpg,berthe-morisot,5
1241,berthe-morisot_fall-colors-in-the-bois-de-boulogne.jpg,berthe-morisot,5
1239,berthe-morisot_eugene-manet-on-the-isle-of-wight.jpg,berthe-morisot,5
1238,berthe-morisot_english-seascape.jpg,berthe-morisot,5
1237,berthe-morisot_daisies.jpg,berthe-morisot,5
1236,berthe-morisot_dahlias.jpg,berthe-morisot,5
1246,berthe-morisot_girl-gathering-cherries-1891.jpg,berthe-morisot,5
1240,berthe-morisot_eugene-manet-with-his-daughter-at-bougival.jpg,berthe-morisot,5
1247,berthe-morisot_girl-in-a-boat-with-geese.jpg,berthe-morisot,5
1235,berthe-morisot_daffodils.jpg,berthe-morisot,5
1249,berthe-morisot_girl-with-dog-1.jpg,berthe-morisot,5
1250,berthe-morisot_girl-with-dog.jpg,berthe-morisot,5
1251,berthe-morisot_girl-with-greyhound.jpg,berthe-morisot,5
1252,berthe-morisot_girl-with-shuttlecock-also-known-as-jeanne-bonnet.jpg,berthe-morisot,5
1253,berthe-morisot_griffon-dog-s-head-follette.jpg,berthe-morisot,5
1254,berthe-morisot_hanging-the-laundry-out-to-dry.jpg,berthe-morisot,5
1255,berthe-morisot_harbor-in-the-port-of-fecamp.jpg,berthe-morisot,5
1256,berthe-morisot_haying-at-mezy.jpg,berthe-morisot,5
1257,berthe-morisot_haystack.jpg,berthe-morisot,5
1258,berthe-morisot_haystacks-at-bougival-1883.jpg,berthe-morisot,5
1259,berthe-morisot_hide-and-seek.jpg,berthe-morisot,5
1248,berthe-morisot_girl-playing-the-mandolin.jpg,berthe-morisot,5
1234,berthe-morisot_cottage-interior-also-known-as-interior-at-jersey.jpg,berthe-morisot,5
1219,berthe-morisot_boating-on-the-lake.jpg,berthe-morisot,5
1232,berthe-morisot_choir-boy.jpg,berthe-morisot,5
1208,berthe-morisot_aboard-a-yacht.jpg,berthe-morisot,5
1209,berthe-morisot_after-luncheon.jpg,berthe-morisot,5
1210,berthe-morisot_at-the-ball-1875.jpg,berthe-morisot,5
1211,berthe-morisot_at-the-beach-in-nice.jpg,berthe-morisot,5
1212,berthe-morisot_at-the-exposition-palace.jpg,berthe-morisot,5
1213,berthe-morisot_autumn-in-the-bois-de-boulogne.jpg,berthe-morisot,5
1214,berthe-morisot_bather.jpg,berthe-morisot,5
1215,berthe-morisot_before-the-mirror.jpg,berthe-morisot,5
1216,berthe-morisot_before-the-theatre.jpg,berthe-morisot,5
1217,berthe-morisot_beneath-the-lilac-at-maurecourt-1874.jpg,berthe-morisot,5
1218,berthe-morisot_boat-on-the-quay-1875.jpg,berthe-morisot,5
1233,berthe-morisot_conversation.jpg,berthe-morisot,5
1207,berthe-morisot_a-corner-of-the-rose-garden.jpg,berthe-morisot,5
1221,berthe-morisot_boats-on-the-seine.jpg,berthe-morisot,5
1222,berthe-morisot_boats-under-construction.jpg,berthe-morisot,5
1223,berthe-morisot_boulogne-wood.jpg,berthe-morisot,5
1224,berthe-morisot_bust-of-alice-gamby.jpg,berthe-morisot,5
1225,berthe-morisot_by-the-water.jpg,berthe-morisot,5
1226,berthe-morisot_carriage-in-the-bois-de-boulogne.jpg,berthe-morisot,5
1227,berthe-morisot_child-in-bed.jpg,berthe-morisot,5
1228,berthe-morisot_child-in-the-rose-garden.jpg,berthe-morisot,5
1229,berthe-morisot_child-playing-in-the-garden.jpg,berthe-morisot,5
1230,berthe-morisot_child-with-a-red-apron.jpg,berthe-morisot,5
1231,berthe-morisot_children-at-the-basin-1886.jpg,berthe-morisot,5
1220,berthe-morisot_boats-entry-to-the-medina-in-the-isle-of-wight.jpg,berthe-morisot,5
1503,camille-pissarro_avenue-de-l-opera-effect-of-snow-1898.jpg,camille-pissarro,6
1502,camille-pissarro_autunm-in-eragny-1899.jpg,camille-pissarro,6
1501,camille-pissarro_autumn-poplars-1893.jpg,camille-pissarro,6
1500,camille-pissarro_autumn-path-through-the-woods-1876.jpg,camille-pissarro,6
1494,camille-pissarro_apples-and-pears-in-a-round-basket-1872.jpg,camille-pissarro,6
1498,camille-pissarro_autumn-morning-1892.jpg,camille-pissarro,6
1497,camille-pissarro_autumn-montfoucault-pond-1875.jpg,camille-pissarro,6
1496,camille-pissarro_autumn-landscape-near-pontoise.jpg,camille-pissarro,6
1495,camille-pissarro_apples-trees-at-pontoise.jpg,camille-pissarro,6
1504,camille-pissarro_avenue-de-l-opera-morning-sunshine-1898.jpg,camille-pissarro,6
1499,camille-pissarro_autumn-morning-at-eragny-1897.jpg,camille-pissarro,6
1505,camille-pissarro_avenue-de-l-opera-place-du-theatre-francais-misty.jpg,camille-pissarro,6
1511,camille-pissarro_bathers-1896.jpg,camille-pissarro,6
1507,camille-pissarro_avenue-de-l-opera-rain-effect-1898.jpg,camille-pissarro,6
1508,camille-pissarro_avenue-de-l-opera-snow-effect-1899.jpg,camille-pissarro,6
1509,camille-pissarro_barges-on-pontoise-1872.jpg,camille-pissarro,6
1510,camille-pissarro_bather-in-the-woods-1895.jpg,camille-pissarro,6
1512,camille-pissarro_bathers-2-1895.jpg,camille-pissarro,6
1513,camille-pissarro_bathers-3-1894.jpg,camille-pissarro,6
1514,camille-pissarro_bathers-seated-on-the-banks-of-a-river-1901.jpg,camille-pissarro,6
1515,camille-pissarro_bathing-goose-maidens.jpg,camille-pissarro,6
1516,camille-pissarro_berneval-meadows-morning-1900.jpg,camille-pissarro,6
1517,camille-pissarro_big-walnut-tree-at-eragny-1892.jpg,camille-pissarro,6
1493,camille-pissarro_apple-trees-sunset-eragny-1896.jpg,camille-pissarro,6
1506,camille-pissarro_avenue-de-l-opera-place-du-thretre-francais-misty-weather-1898.jpg,camille-pissarro,6
1492,camille-pissarro_apple-trees-in-a-field-1892.jpg,camille-pissarro,6
1491,camille-pissarro_apple-trees-and-poplars-in-the-setting-sun-1901.jpg,camille-pissarro,6
1490,camille-pissarro_apple-tree-at-eragny-1884.jpg,camille-pissarro,6
1466,camille-pissarro_a-cowherd-on-the-route-de-chou-pontoise-1874.jpg,camille-pissarro,6
1467,camille-pissarro_a-field-in-varengeville-1899.jpg,camille-pissarro,6
1468,camille-pissarro_a-meadow-in-eragny-1889.jpg,camille-pissarro,6
1469,camille-pissarro_a-meadow-in-moret-1901.jpg,camille-pissarro,6
1470,camille-pissarro_a-part-of-groettes-pontoise-gray-weather-1875.jpg,camille-pissarro,6
1471,camille-pissarro_a-part-of-jallais-pontoise-1875.jpg,camille-pissarro,6
1472,camille-pissarro_a-path-across-the-fields-1879.jpg,camille-pissarro,6
1473,camille-pissarro_a-path-in-the-woods-pontoise-1879.jpg,camille-pissarro,6
1474,camille-pissarro_a-peasant-in-the-lane-at-hermitage-pontoise-1876.jpg,camille-pissarro,6
1475,camille-pissarro_a-road-in-louveciennes-1872.jpg,camille-pissarro,6
1476,camille-pissarro_a-servant-seated-in-the-garden-at-eragny-1884.jpg,camille-pissarro,6
1477,camille-pissarro_a-street-in-auvers-thatched-cottage-and-cow-1880.jpg,camille-pissarro,6
1465,camille-pissarro_a-cottage-in-the-snow-1879.jpg,camille-pissarro,6
1479,camille-pissarro_a-street-in-pontoise-1879.jpg,camille-pissarro,6
1480,camille-pissarro_a-young-maid.jpg,camille-pissarro,6
1481,camille-pissarro_after-the-rain-autumn-eragny-1901.jpg,camille-pissarro,6
1482,camille-pissarro_afternoon-in-eragny-grey-weather-1900.jpg,camille-pissarro,6
1483,camille-pissarro_afternoon-sun-rouen-1896.jpg,camille-pissarro,6
1484,camille-pissarro_afternoon-sun-the-inner-harbor-dieppe-1902.jpg,camille-pissarro,6
1485,camille-pissarro_afternoon-the-dunquesne-basin-dieppe-low-tide-1902.jpg,camille-pissarro,6
1486,camille-pissarro_all-saints-church-upper-norwood-1871.jpg,camille-pissarro,6
1487,camille-pissarro_an-apple-tree-at-eragny.jpg,camille-pissarro,6
1488,camille-pissarro_apple-blossoms-eragny.jpg,camille-pissarro,6
1489,camille-pissarro_apple-gatherers-1891.jpg,camille-pissarro,6
1478,camille-pissarro_a-street-in-l-hermitage-pontoise.jpg,camille-pissarro,6
2315,childe-hassam_at-the-grand-prix.jpg,childe-hassam,7
2314,childe-hassam_at-sunset.jpg,childe-hassam,7
2313,childe-hassam_at-gloucester.jpg,childe-hassam,7
2312,childe-hassam_april-showers-champs-elysees-paris.jpg,childe-hassam,7
2306,childe-hassam_amagansett-long-island.jpg,childe-hassam,7
2310,childe-hassam_apple-trees-in-bloom-old-lyme.jpg,childe-hassam,7
2309,childe-hassam_aphrodite-appledore.jpg,childe-hassam,7
2308,childe-hassam_an-isles-of-shoals-day.jpg,childe-hassam,7
2307,childe-hassam_an-evening-street-scene-pont-aven.jpg,childe-hassam,7
2316,childe-hassam_at-the-piano.jpg,childe-hassam,7
2311,childe-hassam_april-quai-voltaire-paris.jpg,childe-hassam,7
2317,childe-hassam_at-the-writing-desk.jpg,childe-hassam,7
2323,childe-hassam_avenue-of-the-allies.jpg,childe-hassam,7
2319,childe-hassam_autumn-hilltop-new-england-1906.jpg,childe-hassam,7
2320,childe-hassam_avenue-of-the-allies-02.jpg,childe-hassam,7
2321,childe-hassam_avenue-of-the-allies-1.jpg,childe-hassam,7
2322,childe-hassam_avenue-of-the-allies-aka-flags-on-the-waldorf.jpg,childe-hassam,7
2324,childe-hassam_back-of-the-old-house.jpg,childe-hassam,7
2325,childe-hassam_bastille-day-boulevard-rochechouart-paris.jpg,childe-hassam,7
2326,childe-hassam_bather.jpg,childe-hassam,7
2327,childe-hassam_bathing-pool-appledore.jpg,childe-hassam,7
2328,childe-hassam_bedford-hills.jpg,childe-hassam,7
2329,childe-hassam_bending-sail-on-the-old-mill.jpg,childe-hassam,7
2305,childe-hassam_along-the-seine.jpg,childe-hassam,7
2318,childe-hassam_august-afternoon-appledore.jpg,childe-hassam,7
2304,childe-hassam_allies-day-may.jpg,childe-hassam,7
2330,childe-hassam_bleakk-house-broadstairs.jpg,childe-hassam,7
2302,childe-hassam_afternoon-sky-harney-desert.jpg,childe-hassam,7
2278,childe-hassam_a-back-road.jpg,childe-hassam,7
2279,childe-hassam_a-city-fairyland.jpg,childe-hassam,7
2280,childe-hassam_a-country-road.jpg,childe-hassam,7
2281,childe-hassam_a-familiar-tune.jpg,childe-hassam,7
2282,childe-hassam_a-favorite-corner.jpg,childe-hassam,7
2283,childe-hassam_a-fisherman-s-cottage.jpg,childe-hassam,7
2284,childe-hassam_a-fruit-store-1889.jpg,childe-hassam,7
2285,childe-hassam_a-long-island-garden.jpg,childe-hassam,7
2286,childe-hassam_a-new-year-s-nocturne-new-york.jpg,childe-hassam,7
2287,childe-hassam_a-new-york-blizzard.jpg,childe-hassam,7
2288,childe-hassam_a-parade-of-boats-1895.jpg,childe-hassam,7
2289,childe-hassam_a-rainy-day-in-boston-1885.jpg,childe-hassam,7
2303,childe-hassam_against-the-light.jpg,childe-hassam,7
2291,childe-hassam_a-spring-morning-1892.jpg,childe-hassam,7
2292,childe-hassam_a-street-in-denia-spain.jpg,childe-hassam,7
2293,childe-hassam_a-venetian-regatta.jpg,childe-hassam,7
2294,childe-hassam_acorn-street-boston.jpg,childe-hassam,7
2295,childe-hassam_across-the-avenue-in-sunlight-june.jpg,childe-hassam,7
2296,childe-hassam_across-the-common-on-a-winter-evening.jpg,childe-hassam,7
2297,childe-hassam_across-the-park.jpg,childe-hassam,7
2298,childe-hassam_adams-and-st-helen-s-early-morning.jpg,childe-hassam,7
2299,childe-hassam_after-breakfast.jpg,childe-hassam,7
2300,childe-hassam_afterglow-gloucester-harbor-aka-ten-pound-island-light.jpg,childe-hassam,7
2301,childe-hassam_afternoon-in-nantucket.jpg,childe-hassam,7
2290,childe-hassam_a-rainy-day-new-york.jpg,childe-hassam,7
2864,claude-monet_at-cap-d-antibes-mistral-wind.jpg,claude-monet,8
2863,claude-monet_asters(1).jpg,claude-monet,8
2862,claude-monet_arriving-at-montegeron(1).jpg,claude-monet,8
2861,claude-monet_arm-of-the-seine-near-vetheuil(1).jpg,claude-monet,8
2855,claude-monet_argenteuil-late-afternoon(1).jpg,claude-monet,8
2859,claude-monet_argenteuil-the-seine(1).jpg,claude-monet,8
2858,claude-monet_argenteuil-the-hospice(1).jpg,claude-monet,8
2857,claude-monet_argenteuil-seen-from-the-small-arm-of-the-seine-1(1).jpg,claude-monet,8
2856,claude-monet_argenteuil-seen-from-the-small-arm-of-the-seine(1).jpg,claude-monet,8
2865,claude-monet_at-cap-d-antibes.jpg,claude-monet,8
2860,claude-monet_argenteuil-yachts-02(1).jpg,claude-monet,8
2866,claude-monet_at-les-petit-dalles.jpg,claude-monet,8
2872,claude-monet_banks-of-the-seine-at-jenfosse-clear-weather.jpg,claude-monet,8
2868,claude-monet_at-val-saint-nicolas-near-dieppe-morning.jpg,claude-monet,8
2869,claude-monet_at-val-saint-nicolas-near-dieppe.jpg,claude-monet,8
2870,claude-monet_autumn-effect-at-argenteuil-1873.jpg,claude-monet,8
2871,claude-monet_autumn-on-the-seine-at-argenteuil.jpg,claude-monet,8
2873,claude-monet_banks-of-the-seine-at-jeufosse-autumn.jpg,claude-monet,8
2874,claude-monet_banks-of-the-seine-at-lavacourt.jpg,claude-monet,8
2875,claude-monet_basket-of-graphes-quinces-and-pears-1885.jpg,claude-monet,8
2876,claude-monet_bathers-at-la-grenouillere-1869.jpg,claude-monet,8
2877,claude-monet_beach-and-cliffs-at-pourville-morning-effect.jpg,claude-monet,8
2878,claude-monet_beach-in-juan-les-pins.jpg,claude-monet,8
2854,claude-monet_argenteuil-flowers-by-the-riverbank(1).jpg,claude-monet,8
2867,claude-monet_at-val-saint-nicolas-near-dieppe-in-the-morning.jpg,claude-monet,8
2853,claude-monet_argenteuil-2(1).jpg,claude-monet,8
2879,claude-monet_bed-of-chrysanthemums.jpg,claude-monet,8
2851,claude-monet_argenteuil-1(1).jpg,claude-monet,8
2827,claude-monet_a-corner-of-the-garden-at-montgeron-1877(1).jpg,claude-monet,8
2828,claude-monet_a-windmill-near-zaandam(1).jpg,claude-monet,8
2829,claude-monet_a-woman-reading(1).jpg,claude-monet,8
2830,claude-monet_adolphe-monet-reading-in-the-garden(1).jpg,claude-monet,8
2831,claude-monet_agapanthus-1917(1).jpg,claude-monet,8
2832,claude-monet_agapanthus-flowers-1917(1).jpg,claude-monet,8
2833,claude-monet_alice-hoschede-in-the-garden(1).jpg,claude-monet,8
2834,claude-monet_alley-near-pourville(1).jpg,claude-monet,8
2835,claude-monet_amsterdam-in-the-snow(1).jpg,claude-monet,8
2836,claude-monet_an-orchard-in-spring(1).jpg,claude-monet,8
2837,claude-monet_andre-lauvray(1).jpg,claude-monet,8
2838,claude-monet_anglers-on-the-seine-at-poissy(1).jpg,claude-monet,8
2852,claude-monet_argenteuil-1875(1).jpg,claude-monet,8
2840,claude-monet_antibes-in-the-morning(1).jpg,claude-monet,8
2841,claude-monet_antibes-seen-from-the-cape-mistral-wind(1).jpg,claude-monet,8
2842,claude-monet_antibes-seen-from-the-salis-gardens-01(1).jpg,claude-monet,8
2843,claude-monet_antibes-seen-from-the-salis-gardens-02(1).jpg,claude-monet,8
2844,claude-monet_antibes-view-of-the-salis-gardens(1).jpg,claude-monet,8
2845,claude-monet_apple-trees-in-bloom(1).jpg,claude-monet,8
2846,claude-monet_apple-trees-in-bloom-at-giverny-1901(1).jpg,claude-monet,8
2847,claude-monet_apple-trees-in-blossom-by-the-water(1).jpg,claude-monet,8
2848,claude-monet_apple-trees-near-vetheuil(1).jpg,claude-monet,8
2849,claude-monet_apple-trees-on-the-chantemesle-hill(1).jpg,claude-monet,8
2850,claude-monet_argenteuil(1).jpg,claude-monet,8
2839,claude-monet_antibes-afternoon-effect(1).jpg,claude-monet,8
4307,edgar-degas_at-the-ballet.jpg,edgar-degas,9
4306,edgar-degas_at-saint-valery-sur-somme.jpg,edgar-degas,9
4305,edgar-degas_ancer-with-red-stockings.jpg,edgar-degas,9
4304,edgar-degas_amateur-jockey-1870.jpg,edgar-degas,9
4298,edgar-degas_after-the-bath.jpg,edgar-degas,9
4302,edgar-degas_alexander-and-bucephalus-detail-1861-3.jpg,edgar-degas,9
4301,edgar-degas_alexander-and-bucephalus-detail-1861-2.jpg,edgar-degas,9
4300,edgar-degas_alexander-and-bucephalus-detail-1861-1.jpg,edgar-degas,9
4299,edgar-degas_alexander-and-bucephalus-1861.jpg,edgar-degas,9
4308,edgar-degas_at-the-cafe-des-ambassadeurs-1885-1.jpg,edgar-degas,9
4303,edgar-degas_alexander-and-bucephalus-detail-1861.jpg,edgar-degas,9
4309,edgar-degas_at-the-cafe-des-ambassadeurs-1885.jpg,edgar-degas,9
4315,edgar-degas_at-the-mirror.jpg,edgar-degas,9
4311,edgar-degas_at-the-milliner-s-1882.jpg,edgar-degas,9
4312,edgar-degas_at-the-milliner-s-1883-1.jpg,edgar-degas,9
4313,edgar-degas_at-the-milliner-s-1883.jpg,edgar-degas,9
4314,edgar-degas_at-the-milliner-s.jpg,edgar-degas,9
4316,edgar-degas_at-the-races-1872.jpg,edgar-degas,9
4317,edgar-degas_at-the-races-before-the-start.jpg,edgar-degas,9
4318,edgar-degas_at-the-races-the-start-1862.jpg,edgar-degas,9
4319,edgar-degas_at-the-races.jpg,edgar-degas,9
4320,edgar-degas_at-the-stables-horse-and-dog.jpg,edgar-degas,9
4321,edgar-degas_at-the-stock-exchange-1879.jpg,edgar-degas,9
4297,edgar-degas_after-the-bath-woman-drying-herself.jpg,edgar-degas,9
4310,edgar-degas_at-the-milliner-s-1.jpg,edgar-degas,9
4322,edgar-degas_ballerina-and-lady-with-a-fan-1885.jpg,edgar-degas,9
4296,edgar-degas_after-the-bath-woman-drying-herself-1892.jpg,edgar-degas,9
4294,edgar-degas_after-the-bath-woman-drying-her-hair.jpg,edgar-degas,9
4295,edgar-degas_after-the-bath-woman-drying-her-nape-1895.jpg,edgar-degas,9
4270,edgar-degas_a-ballet-seen-from-the-opera-box-1885.jpg,edgar-degas,9
4271,edgar-degas_a-carriage-at-the-races-1872.jpg,edgar-degas,9
4272,edgar-degas_a-grecian-dance-1890.jpg,edgar-degas,9
4273,edgar-degas_a-visit-to-the-museum.jpg,edgar-degas,9
4274,edgar-degas_a-woman-seated-beside-a-vase-of-flowers-1865.jpg,edgar-degas,9
4275,edgar-degas_achille-de-gas-1872.jpg,edgar-degas,9
4277,edgar-degas_after-bathing-woman-drying-herself-1.jpg,edgar-degas,9
4278,edgar-degas_after-bathing-woman-drying-herself-1892.jpg,edgar-degas,9
4279,edgar-degas_after-bathing-woman-drying-herself-2.jpg,edgar-degas,9
4280,edgar-degas_after-bathing-woman-drying-herself.jpg,edgar-degas,9
4281,edgar-degas_after-the-bath-1.jpg,edgar-degas,9
4276,edgar-degas_after-bathing-woman-drying-her-leg.jpg,edgar-degas,9
4283,edgar-degas_after-the-bath-1886.jpg,edgar-degas,9
4282,edgar-degas_after-the-bath-1884.jpg,edgar-degas,9
4292,edgar-degas_after-the-bath-8.jpg,edgar-degas,9
4291,edgar-degas_after-the-bath-7.jpg,edgar-degas,9
4290,edgar-degas_after-the-bath-6.jpg,edgar-degas,9
4289,edgar-degas_after-the-bath-5.jpg,edgar-degas,9
4293,edgar-degas_after-the-bath-woman-drying-her-feet-1886.jpg,edgar-degas,9
4287,edgar-degas_after-the-bath-3.jpg,edgar-degas,9
4286,edgar-degas_after-the-bath-2.jpg,edgar-degas,9
4285,edgar-degas_after-the-bath-1896.jpg,edgar-degas,9
4284,edgar-degas_after-the-bath-1896-1.jpg,edgar-degas,9
4288,edgar-degas_after-the-bath-4.jpg,edgar-degas,9
4930,edouard-manet_moss-roses-in-a-vase-1882.jpg,edouard-manet,10
4929,edouard-manet_monet-in-his-floating-studio-1874.jpg,edouard-manet,10
4928,edouard-manet_marguerite-de-conflans-wearing-hood-1873.jpg,edouard-manet,10
4927,edouard-manet_man-in-a-round-hat-alphonse-maureau-1878.jpg,edouard-manet,10
4926,edouard-manet_madame-manet-on-a-blue-sofa-1874.jpg,edouard-manet,10
4924,edouard-manet_madame-manet-at-bellevue-1880.jpg,edouard-manet,10
4923,edouard-manet_madame-jeanne-martin-in-a-bonnet.jpg,edouard-manet,10
4922,edouard-manet_luncheon-in-the-studio-1868.jpg,edouard-manet,10
4921,edouard-manet_lilac-in-a-glass.jpg,edouard-manet,10
4931,edouard-manet_mother-in-the-garden-at-bellevue-1880.jpg,edouard-manet,10
4925,edouard-manet_madame-manet-in-conservatory-1879.jpg,edouard-manet,10
4932,edouard-manet_music-in-the-tuileries-gardens-1862.jpg,edouard-manet,10
4920,edouard-manet_lilac-and-roses-1883.jpg,edouard-manet,10
4934,edouard-manet_on-the-beach-1873.jpg,edouard-manet,10
4935,edouard-manet_on-the-bench-1879.jpg,edouard-manet,10
4936,edouard-manet_parisienne-study-of-ellen-andree-1874.jpg,edouard-manet,10
4937,edouard-manet_peaches-1882.jpg,edouard-manet,10
4938,edouard-manet_pinks-and-clematis-in-a-crystal-vase.jpg,edouard-manet,10
4939,edouard-manet_plum-1878.jpg,edouard-manet,10
4940,edouard-manet_portrait-of-a-lady-with-a-black-fichu-1878.jpg,edouard-manet,10
4941,edouard-manet_portrait-of-a-lady.jpg,edouard-manet,10
4942,edouard-manet_portrait-of-berthe-morisot.jpg,edouard-manet,10
4943,edouard-manet_portrait-of-composer-emmanual-chabrier.jpg,edouard-manet,10
4944,edouard-manet_portrait-of-emilie-ambre-in-role-of-carmen.jpg,edouard-manet,10
4933,edouard-manet_nana-1877.jpg,edouard-manet,10
4919,edouard-manet_lady-in-a-fur.jpg,edouard-manet,10
4904,edouard-manet_berthe-morisot-with-a-bouquet-of-violets-1872.jpg,edouard-manet,10
4917,edouard-manet_isabelle-lemonnier-with-a-muff.jpg,edouard-manet,10
4892,edouard-manet_a-bar-at-the-folies-bergere-1882-1.jpg,edouard-manet,10
4893,edouard-manet_a-woman-pouring-water-study-of-suzanne-leenhoff-1858.jpg,edouard-manet,10
4894,edouard-manet_a-young-girl-1880.jpg,edouard-manet,10
4895,edouard-manet_a-young-man-peeling-a-pear-portrait-of-leon-leenhoff-1868.jpg,edouard-manet,10
4896,edouard-manet_almonds-currants-and-peaches-1869.jpg,edouard-manet,10
4897,edouard-manet_argenteuil-1874.jpg,edouard-manet,10
4898,edouard-manet_at-father-lathuille-1879.jpg,edouard-manet,10
4899,edouard-manet_at-the-cafe-concert.jpg,edouard-manet,10
4900,edouard-manet_at-the-races-1875.jpg,edouard-manet,10
4901,edouard-manet_autumn-study-of-mery-laurent-1882.jpg,edouard-manet,10
4902,edouard-manet_bathers-on-seine.jpg,edouard-manet,10
4903,edouard-manet_bench-1881.jpg,edouard-manet,10
4918,edouard-manet_jeanne-martin-in-pink-dress-1881.jpg,edouard-manet,10
4905,edouard-manet_boating-1874.jpg,edouard-manet,10
4915,edouard-manet_in-the-garden-1870.jpg,edouard-manet,10
4914,edouard-manet_in-the-bar-le-bouchon.jpg,edouard-manet,10
4913,edouard-manet_head-of-a-man-claude-monet-1874.jpg,edouard-manet,10
4912,edouard-manet_flowers-in-a-crystal-vase.jpg,edouard-manet,10
4911,edouard-manet_fishing.jpg,edouard-manet,10
4916,edouard-manet_interior-at-arcachon-1871.jpg,edouard-manet,10
4909,edouard-manet_effect-of-snow-at-petit-montrouge-1870.jpg,edouard-manet,10
4908,edouard-manet_croquet-1873.jpg,edouard-manet,10
4907,edouard-manet_corner-of-a-cafe-concert-1880.jpg,edouard-manet,10
4906,edouard-manet_bouquet-of-flowers-1882.jpg,edouard-manet,10
4910,edouard-manet_embarkation-after-folkestone-1869.jpg,edouard-manet,10
5115,eugene-boudin_beach-scene-5.jpg,eugene-boudin,11
5114,eugene-boudin_beach-scene-4.jpg,eugene-boudin,11
5113,eugene-boudin_beach-scene-3.jpg,eugene-boudin,11
5112,eugene-boudin_beach-scene-2.jpg,eugene-boudin,11
5111,eugene-boudin_beach-scene-1887.jpg,eugene-boudin,11
5108,eugene-boudin_beach-scene-15.jpg,eugene-boudin,11
5107,eugene-boudin_beach-scene-14.jpg,eugene-boudin,11
5106,eugene-boudin_beach-scene-13.jpg,eugene-boudin,11
5105,eugene-boudin_beach-scene-12.jpg,eugene-boudin,11
5116,eugene-boudin_beach-scene-6.jpg,eugene-boudin,11
5109,eugene-boudin_beach-scene-1879.jpg,eugene-boudin,11
5117,eugene-boudin_beach-scene-7.jpg,eugene-boudin,11
5123,eugene-boudin_beach-scene-at-trouville-3.jpg,eugene-boudin,11
5119,eugene-boudin_beach-scene-9.jpg,eugene-boudin,11
5120,eugene-boudin_beach-scene-at-trouville-1.jpg,eugene-boudin,11
5121,eugene-boudin_beach-scene-at-trouville-1866.jpg,eugene-boudin,11
5122,eugene-boudin_beach-scene-at-trouville-2.jpg,eugene-boudin,11
5104,eugene-boudin_beach-scene-11.jpg,eugene-boudin,11
5124,eugene-boudin_beach-scene-at-trouville-4.jpg,eugene-boudin,11
5125,eugene-boudin_beach-scene-at-trouville.jpg,eugene-boudin,11
5126,eugene-boudin_beach-scene-the-yellow-umbrella.jpg,eugene-boudin,11
5127,eugene-boudin_beach-scene-trouville-1864.jpg,eugene-boudin,11
5128,eugene-boudin_beach-scene-trouville-1881.jpg,eugene-boudin,11
5129,eugene-boudin_beach-scene-trouville.jpg,eugene-boudin,11
5118,eugene-boudin_beach-scene-8.jpg,eugene-boudin,11
5103,eugene-boudin_beach-scene-10.jpg,eugene-boudin,11
5110,eugene-boudin_beach-scene-1880.jpg,eugene-boudin,11
5101,eugene-boudin_beach-at-trouville.jpg,eugene-boudin,11
5102,eugene-boudin_beach-scene-1.jpg,eugene-boudin,11
5078,eugene-boudin_a-french-port-1884.jpg,eugene-boudin,11
5079,eugene-boudin_a-squall-from-northwest-1895.jpg,eugene-boudin,11
5080,eugene-boudin_abbeville-street-and-the-church-of-saint-folfran-1884.jpg,eugene-boudin,11
5081,eugene-boudin_abbeville-street-and-the-church-of-saint-vulfran-1884.jpg,eugene-boudin,11
5082,eugene-boudin_an-estuary-in-brittany.jpg,eugene-boudin,11
5083,eugene-boudin_antibes-1.jpg,eugene-boudin,11
5084,eugene-boudin_antibes-the-fortifications.jpg,eugene-boudin,11
5085,eugene-boudin_antibes-the-point-of-the-islet.jpg,eugene-boudin,11
5086,eugene-boudin_antibes-the-rocks-of-the-islet.jpg,eugene-boudin,11
5087,eugene-boudin_antibes.jpg,eugene-boudin,11
5088,eugene-boudin_antwerp-boats-on-the-river-escaut-1.jpg,eugene-boudin,11
5077,eugene-boudin_a-beach-scene.jpg,eugene-boudin,11
5090,eugene-boudin_antwerp-fishing-boats.jpg,eugene-boudin,11
5089,eugene-boudin_antwerp-boats-on-the-river-escaut.jpg,eugene-boudin,11
5099,eugene-boudin_beach-at-trouville-1864.jpg,eugene-boudin,11
5098,eugene-boudin_bay-of-plougastel.jpg,eugene-boudin,11
5097,eugene-boudin_bathing-time-at-deauville.jpg,eugene-boudin,11
5096,eugene-boudin_bathers-on-the-beach-at-trouville-1869.jpg,eugene-boudin,11
5100,eugene-boudin_beach-at-trouville-1893.jpg,eugene-boudin,11
5095,eugene-boudin_barges-on-the-canal-at-saint-valery-sur-somme-1891.jpg,eugene-boudin,11
5094,eugene-boudin_atlantic-coast-near-benerville-1897.jpg,eugene-boudin,11
5093,eugene-boudin_antwerp-the-schelde.jpg,eugene-boudin,11
5092,eugene-boudin_antwerp-the-port.jpg,eugene-boudin,11
5091,eugene-boudin_antwerp-the-head-of-flanders.jpg,eugene-boudin,11
5920,giovanni-boldini_night-on-montmartre.jpg,giovanni-boldini,12
5919,giovanni-boldini_newspaperman-in-paris-the-newspaper-1878.jpg,giovanni-boldini,12
5918,giovanni-boldini_naked-young-lady-with-blanket.jpg,giovanni-boldini,12
5917,giovanni-boldini_mrs-leeds-the-later-princess-anastasia-of-greece-and-denmark-1914.jpg,giovanni-boldini,12
5915,giovanni-boldini_mademoiselle-lanthelme-1907.jpg,giovanni-boldini,12
5911,giovanni-boldini_lady-wearing-a-straw-bonnet-morning-promenade-1905.jpg,giovanni-boldini,12
5914,giovanni-boldini_madame-marie-louise-herouet.jpg,giovanni-boldini,12
5913,giovanni-boldini_leda-with-swan.jpg,giovanni-boldini,12
5912,giovanni-boldini_lady-with-black-greyhound.jpg,giovanni-boldini,12
5921,giovanni-boldini_not-identified-1.jpg,giovanni-boldini,12
5916,giovanni-boldini_mlle-laure-1910.jpg,giovanni-boldini,12
5922,giovanni-boldini_nude-1.jpg,giovanni-boldini,12
5928,giovanni-boldini_portrait-of-countess-de-leusse.jpg,giovanni-boldini,12
5924,giovanni-boldini_nude-woman-reclining-on-yellow-cushions.jpg,giovanni-boldini,12
5925,giovanni-boldini_pink-palace-ibis-in-the-vesinet-1910.jpg,giovanni-boldini,12
5926,giovanni-boldini_portrait-of-a-lady-1912.jpg,giovanni-boldini,12
5927,giovanni-boldini_portrait-of-a-man-in-church-1900.jpg,giovanni-boldini,12
5929,giovanni-boldini_portrait-of-donna-franca-florio-1924.jpg,giovanni-boldini,12
5930,giovanni-boldini_portrait-of-elizabeth-wharton-drexel-1905.jpg,giovanni-boldini,12
5931,giovanni-boldini_portrait-of-georges-de-bellio-1828-94-1894.jpg,giovanni-boldini,12
5932,giovanni-boldini_portrait-of-madame-e-l-doyen-1910.jpg,giovanni-boldini,12
5933,giovanni-boldini_portrait-of-madame-gabrielle-rejane.jpg,giovanni-boldini,12
5934,giovanni-boldini_portrait-of-maria-eulalia-of-spain-1898.jpg,giovanni-boldini,12
5910,giovanni-boldini_lady-in-rose.jpg,giovanni-boldini,12
5923,giovanni-boldini_nude-of-young-lady-on-couch.jpg,giovanni-boldini,12
5909,giovanni-boldini_lady-in-red-dress-1916.jpg,giovanni-boldini,12
5935,giovanni-boldini_portrait-of-princess-marthe-lucile-bibesco-1911.jpg,giovanni-boldini,12
5907,giovanni-boldini_lady-in-brown-evening-dress-1894.jpg,giovanni-boldini,12
5883,giovanni-boldini_a-friend-of-the-marquis-1875.jpg,giovanni-boldini,12
5884,giovanni-boldini_a-guitar-player-1873.jpg,giovanni-boldini,12
5885,giovanni-boldini_a-lady-with-a-cat.jpg,giovanni-boldini,12
5886,giovanni-boldini_a-midsummer-night-s-dream-1897.jpg,giovanni-boldini,12
5887,giovanni-boldini_angels.jpg,giovanni-boldini,12
5888,giovanni-boldini_arm-with-vase-of-flowers-1910.jpg,giovanni-boldini,12
5889,giovanni-boldini_ballerina-in-mauve.jpg,giovanni-boldini,12
5890,giovanni-boldini_chez-maxim-s.jpg,giovanni-boldini,12
5891,giovanni-boldini_costantino-in-the-role-of-ernani.jpg,giovanni-boldini,12
5892,giovanni-boldini_couple-in-spanish-dress-with-two-parrots-el-matador.jpg,giovanni-boldini,12
5893,giovanni-boldini_crossing-the-street-1875.jpg,giovanni-boldini,12
5894,giovanni-boldini_exit-of-a-costumes-ball-in-montmartre.jpg,giovanni-boldini,12
5908,giovanni-boldini_lady-in-red-coat-1878.jpg,giovanni-boldini,12
5896,giovanni-boldini_female-profile.jpg,giovanni-boldini,12
5897,giovanni-boldini_firework.jpg,giovanni-boldini,12
5898,giovanni-boldini_gentleman-at-the-piano.jpg,giovanni-boldini,12
5899,giovanni-boldini_girl-reading-in-a-salon-1876.jpg,giovanni-boldini,12
5900,giovanni-boldini_haystack.jpg,giovanni-boldini,12
5901,giovanni-boldini_head-of-a-lady-with-yellow-sleeve-1890.jpg,giovanni-boldini,12
5902,giovanni-boldini_horses-and-knights.jpg,giovanni-boldini,12
5903,giovanni-boldini_in-the-bath.jpg,giovanni-boldini,12
5904,giovanni-boldini_in-the-garden.jpg,giovanni-boldini,12
5905,giovanni-boldini_in-the-promenade-1905.jpg,giovanni-boldini,12
5906,giovanni-boldini_inside-the-studio-of-the-painter-with-errazuriz-damsel.jpg,giovanni-boldini,12
5895,giovanni-boldini_female-figure-1920.jpg,giovanni-boldini,12
6106,gregoire-boonzaier_malay-quarter-cape-town-1931.jpg,gregoire-boonzaier,13
6105,gregoire-boonzaier_lions-head-to-signal-hill-from-windmere-cape.jpg,gregoire-boonzaier,13
6104,gregoire-boonzaier_landskap-met-kronkelende-pad-kenilworth-1975.jpg,gregoire-boonzaier,13
6103,gregoire-boonzaier_landscape-with-trees-and-houses-1964.jpg,gregoire-boonzaier,13
6097,gregoire-boonzaier_huis-met-veranda-ou-kaapstad-1967.jpg,gregoire-boonzaier,13
6101,gregoire-boonzaier_landscape-with-grey-clouds-1935.jpg,gregoire-boonzaier,13
6100,gregoire-boonzaier_kommetjie-lighthouse-in-the-mist-1929.jpg,gregoire-boonzaier,13
6099,gregoire-boonzaier_kommetjie-lighthouse-1926.jpg,gregoire-boonzaier,13
6098,gregoire-boonzaier_huisies-langs-die-liesbeekrivier-1945.jpg,gregoire-boonzaier,13
6107,gregoire-boonzaier_malay-quarter-cape-town-1934.jpg,gregoire-boonzaier,13
6102,gregoire-boonzaier_landscape-with-trees-and-distant-cottages-1990.jpg,gregoire-boonzaier,13
6108,gregoire-boonzaier_man-with-a-moustache-1977.jpg,gregoire-boonzaier,13
6114,gregoire-boonzaier_self-portrait-1969.jpg,gregoire-boonzaier,13
6110,gregoire-boonzaier_moored-boats-at-the-quay-1952.jpg,gregoire-boonzaier,13
6111,gregoire-boonzaier_paternoster-1951.jpg,gregoire-boonzaier,13
6112,gregoire-boonzaier_portrait-of-a-man-1989.jpg,gregoire-boonzaier,13
6113,gregoire-boonzaier_rainy-day.jpg,gregoire-boonzaier,13
6115,gregoire-boonzaier_self-portrait-1996.jpg,gregoire-boonzaier,13
6116,gregoire-boonzaier_shanty-town.jpg,gregoire-boonzaier,13
6117,gregoire-boonzaier_skull-1970.jpg,gregoire-boonzaier,13
6118,gregoire-boonzaier_still-life-flowers-1938.jpg,gregoire-boonzaier,13
6119,gregoire-boonzaier_still-life-flowers.jpg,gregoire-boonzaier,13
6120,gregoire-boonzaier_still-life-with-flowers.jpg,gregoire-boonzaier,13
6096,gregoire-boonzaier_houses-on-a-hillside-bo-kaap-1940.jpg,gregoire-boonzaier,13
6109,gregoire-boonzaier_mixed-flowers-in-a-porcelain-vase.jpg,gregoire-boonzaier,13
6095,gregoire-boonzaier_hougenhout-farm-1942.jpg,gregoire-boonzaier,13
6121,gregoire-boonzaier_still-life-with-fruit-1956.jpg,gregoire-boonzaier,13
6093,gregoire-boonzaier_hat-green-bottle-and-guitar-1990.jpg,gregoire-boonzaier,13
6094,gregoire-boonzaier_hermanus-seascape-1945.jpg,gregoire-boonzaier,13
6069,gregoire-boonzaier_a-cape-cottage-tokai-1941.jpg,gregoire-boonzaier,13
6070,gregoire-boonzaier_a-large-oak-tree-in-front-of-houses-1985.jpg,gregoire-boonzaier,13
6071,gregoire-boonzaier_a-street-scene-district-six-1991.jpg,gregoire-boonzaier,13
6072,gregoire-boonzaier_a-view-of-the-ocean-1948.jpg,gregoire-boonzaier,13
6073,gregoire-boonzaier_a-windy-day.jpg,gregoire-boonzaier,13
6074,gregoire-boonzaier_after-the-rain-cape-town.jpg,gregoire-boonzaier,13
6076,gregoire-boonzaier_arum-lilies-in-a-vase-1940.jpg,gregoire-boonzaier,13
6077,gregoire-boonzaier_bare-oaks-newlands-late-autumn-1968.jpg,gregoire-boonzaier,13
6078,gregoire-boonzaier_bo-kaap-1951.jpg,gregoire-boonzaier,13
6079,gregoire-boonzaier_cape-landscape-1952.jpg,gregoire-boonzaier,13
6080,gregoire-boonzaier_cape-malay-quarter-with-signal-hill-in-the-distance-1955.jpg,gregoire-boonzaier,13
6075,gregoire-boonzaier_an-old-cottage-mowbray-1933.jpg,gregoire-boonzaier,13
6082,gregoire-boonzaier_cape-street-scene-1970.jpg,gregoire-boonzaier,13
6081,gregoire-boonzaier_cape-street-scene-1941.jpg,gregoire-boonzaier,13
6091,gregoire-boonzaier_figures-and-cottages-1966.jpg,gregoire-boonzaier,13
6090,gregoire-boonzaier_farmhouse-with-bare-oaks-1942.jpg,gregoire-boonzaier,13
6089,gregoire-boonzaier_district-six-with-view-to-harbour-1953.jpg,gregoire-boonzaier,13
6088,gregoire-boonzaier_district-six-2.jpg,gregoire-boonzaier,13
6092,gregoire-boonzaier_firs-with-red-trunks-kenilworth-1969.jpg,gregoire-boonzaier,13
6086,gregoire-boonzaier_district-six-1.jpg,gregoire-boonzaier,13
6085,gregoire-boonzaier_district-6-street-scene-with-figures-buildings-donkey-cart-1971.jpg,gregoire-boonzaier,13
6084,gregoire-boonzaier_cottages-figures-1964.jpg,gregoire-boonzaier,13
6083,gregoire-boonzaier_cape-town-harbour-1958.jpg,gregoire-boonzaier,13
6087,gregoire-boonzaier_district-six-1971.jpg,gregoire-boonzaier,13
6167,gustave-caillebotte_factories-at-argenteuil.jpg,gustave-caillebotte,14
6168,gustave-caillebotte_farmer-s-house-in-trouville.jpg,gustave-caillebotte,14
6169,gustave-caillebotte_fields-plain-of-gennevilliers.jpg,gustave-caillebotte,14
6170,gustave-caillebotte_fishermen-on-the-banks-of-the-yerres.jpg,gustave-caillebotte,14
6171,gustave-caillebotte_four-vases-of-chrysanthemums.jpg,gustave-caillebotte,14
6173,gustave-caillebotte_game-birds-and-lemons.jpg,gustave-caillebotte,14
6174,gustave-caillebotte_garden-at-yerres.jpg,gustave-caillebotte,14
6175,gustave-caillebotte_garden-rose-and-blue-forget-me-nots-in-a-vase.jpg,gustave-caillebotte,14
6176,gustave-caillebotte_garlic-cloves-and-knife-on-the-corner-of-a-table.jpg,gustave-caillebotte,14
6177,gustave-caillebotte_garten-in-trouville.jpg,gustave-caillebotte,14
6178,gustave-caillebotte_hare.jpg,gustave-caillebotte,14
6180,gustave-caillebotte_hors-d-oeuvre.jpg,gustave-caillebotte,14
6181,gustave-caillebotte_horses-in-the-stable.jpg,gustave-caillebotte,14
6182,gustave-caillebotte_interior-of-a-studio.jpg,gustave-caillebotte,14
6166,gustave-caillebotte_display-of-chickens-and-game-birds.jpg,gustave-caillebotte,14
6184,gustave-caillebotte_interior-woman-reading-1880.jpg,gustave-caillebotte,14
6185,gustave-caillebotte_kitchen-garden-petit-gennevilliers.jpg,gustave-caillebotte,14
6186,gustave-caillebotte_landscape-at-argenteuil.jpg,gustave-caillebotte,14
6187,gustave-caillebotte_landscape-banks-of-the-yerres.jpg,gustave-caillebotte,14
6188,gustave-caillebotte_landscape-near-yerres.jpg,gustave-caillebotte,14
6189,gustave-caillebotte_landscape-study-in-yellow-and-rose.jpg,gustave-caillebotte,14
6190,gustave-caillebotte_landscape-with-haystacks.jpg,gustave-caillebotte,14
6191,gustave-caillebotte_landscape-with-railway-tracks.jpg,gustave-caillebotte,14
6179,gustave-caillebotte_harvest-landscape-with-five-haystacks.jpg,gustave-caillebotte,14
6183,gustave-caillebotte_interior-woman-at-the-window-1880.jpg,gustave-caillebotte,14
6172,gustave-caillebotte_fruit-displayed-on-a-stand.jpg,gustave-caillebotte,14
6163,gustave-caillebotte_chrysanthemums-in-a-vase.jpg,gustave-caillebotte,14
6164,gustave-caillebotte_cliff-at-villers-sur-me.jpg,gustave-caillebotte,14
6139,gustave-caillebotte_a-balcony-boulevard-haussmann.jpg,gustave-caillebotte,14
6140,gustave-caillebotte_a-balcony-in-paris-1881.jpg,gustave-caillebotte,14
6141,gustave-caillebotte_a-road-in-naples.jpg,gustave-caillebotte,14
6142,gustave-caillebotte_a-soldier.jpg,gustave-caillebotte,14
6143,gustave-caillebotte_angling-1878.jpg,gustave-caillebotte,14
6144,gustave-caillebotte_apple-tree-in-blossom.jpg,gustave-caillebotte,14
6145,gustave-caillebotte_at-the-cafe-rouen-1880.jpg,gustave-caillebotte,14
6146,gustave-caillebotte_banks-of-the-yerres.jpg,gustave-caillebotte,14
6147,gustave-caillebotte_bather-preparing-to-dive.jpg,gustave-caillebotte,14
6148,gustave-caillebotte_bathers-on-the-banks-of-the-yerres-1878.jpg,gustave-caillebotte,14
6149,gustave-caillebotte_billiards.jpg,gustave-caillebotte,14
6165,gustave-caillebotte_clump-of-chrysanthemums-garden-at-petit-gennevilliers.jpg,gustave-caillebotte,14
6151,gustave-caillebotte_boaters-on-the-yerres.jpg,gustave-caillebotte,14
6150,gustave-caillebotte_boat-at-anchor-on-the-seine.jpg,gustave-caillebotte,14
6161,gustave-caillebotte_calf-in-a-butcher-shop.jpg,gustave-caillebotte,14
6160,gustave-caillebotte_calf-head-and-ox-tongue.jpg,gustave-caillebotte,14
6159,gustave-caillebotte_by-the-sea.jpg,gustave-caillebotte,14
6158,gustave-caillebotte_bust-portrait-of-eugene-lamy.jpg,gustave-caillebotte,14
6162,gustave-caillebotte_camille-daurelle-in-the-park-at-yerres.jpg,gustave-caillebotte,14
6156,gustave-caillebotte_boulevard-des-italiens.jpg,gustave-caillebotte,14
6155,gustave-caillebotte_boats-on-the-seine.jpg,gustave-caillebotte,14
6154,gustave-caillebotte_boats-on-the-seine-at-argenteuil.jpg,gustave-caillebotte,14
6153,gustave-caillebotte_boating-on-the-yerres.jpg,gustave-caillebotte,14
6152,gustave-caillebotte_boaters-rowing-on-the-yerres.jpg,gustave-caillebotte,14
6157,gustave-caillebotte_boulevard-haussmann-in-the-snow.jpg,gustave-caillebotte,14
